lcc,n_obs,enrollment_rate,from_crop_to_crp_rate,avg_payment
1,412,15.048543689320388,6.719367588932807,45.37450402604817
2,810,11.481481481481481,4.98960498960499,43.45259616035709
3,1252,18.610223642172524,14.22872340425532,43.46529249142978
4,1790,18.435754189944134,14.007421150278294,64.37535856475918
5,1711,20.572764465225017,16.374269005847953,64.99852414616795
6,1236,9.546925566343042,1.9920318725099602,40.18792272963425
7,812,11.206896551724139,2.335456475583864,39.900804289567425
8,421,9.73871733966746,1.556420233463035,40.009013554404554
